{"accuracy": [0.5878085494041443, 0.8533892631530762], "loss": [1.4133450984954834, 0.46217066049575806], "val_accuracy": [0.840997040271759, 0.8931254148483276], "val_loss": [0.5111924409866333, 0.3269035220146179]}